Model,Accuracy,AUC,F1 Score,Recall,Recall by Class (SCD),Recall by Class (MCI),Recall by Class (AD)
CatBoost,0.75,0.9171048249995618,0.7548238064367098,0.7489878542510121,0.7948717948717948,0.8205128205128205,0.631578947368421
Random Forest,0.7327586206896551,0.9051810762337077,0.7276943923285387,0.7339181286549707,0.7948717948717948,0.5384615384615384,0.868421052631579
Neural Network,0.7155172413793104,0.8997055576002945,0.7085477887903552,0.7163742690058479,0.8461538461538461,0.48717948717948717,0.8157894736842105
Voting Ensemble,0.7758620689655172,0.9194270641639063,0.7752739155137555,0.7762033288349078,0.8717948717948718,0.6410256410256411,0.8157894736842105
